"Time","0Interest","1Cliche","2Dumb","3Wtf","4Funny"
"0","0","0","0","0","0"
"2","0","0","0","0","0"
"4","26","0","0","0","0"
"6","26","0","0","0","0"
"8","26","0","0","0","0"
"10","26","0","0","0","0"
"12","26","0","0","0","0"
"14","26","0","0","0","0"
"16","26","0","0","0","0"
"18","26","0","0","0","0"
"20","26","0","0","0","0"
"22","26","0","0","0","0"
"24","26","0","0","0","0"
"26","26","0","0","0","0"
"28","26","0","0","0","0"
"30","26","0","0","0","0"
"32","26","0","0","0","0"
"34","26","0","0","0","0"
"36","26","0","0","0","0"
"38","26","0","0","0","0"
"40","26","0","0","0","0"
"42","26","0","0","0","0"
"44","26","0","0","0","0"
"46","26","0","0","0","0"
"48","26","0","0","0","0"
"50","36","0","0","0","0"
"52","36","0","0","0","0"
"54","36","0","0","0","0"
"56","36","0","0","0","0"
"58","36","0","0","0","0"
"60","36","0","0","0","0"
"62","36","0","0","0","0"
"64","36","0","0","0","0"
"66","36","0","0","0","0"
"68","44","0","0","0","0"
"70","44","0","0","0","0"
"72","44","0","0","0","0"
"74","44","0","0","0","0"
"76","44","0","0","0","0"
"78","44","0","0","0","0"
"80","44","0","0","0","0"
"82","44","0","0","0","0"
"84","44","0","0","0","0"
"86","44","0","0","0","0"
"88","44","0","0","0","0"
"90","44","0","0","0","0"
"92","44","0","0","0","0"
"94","44","0","0","0","0"
"96","44","0","0","0","0"
"98","44","0","0","0","0"
"100","44","0","0","0","0"
"102","44","0","0","0","0"
"104","44","0","0","0","0"
"106","44","0","0","0","0"
"108","44","0","0","0","0"
"110","44","0","0","0","0"
"112","44","0","0","0","0"
"114","44","0","0","0","0"
"116","44","0","0","0","0"
"118","44","0","0","0","0"
"120","44","0","0","0","0"
"122","56","0","0","0","0"
"124","56","0","0","0","0"
"126","56","0","0","0","0"
"128","56","0","0","0","0"
"130","56","0","0","0","0"
"132","56","0","0","0","0"
"134","56","0","0","0","0"
"136","56","0","0","0","0"
"138","56","0","0","0","0"
"140","56","0","0","0","0"
"142","56","0","0","0","0"
"144","56","0","0","0","0"
"146","56","0","0","0","0"
"148","56","0","0","0","0"
"150","56","0","0","0","0"
"152","56","0","0","0","0"
"154","56","0","0","0","0"
"156","56","0","0","0","0"
"158","56","0","0","0","0"
"160","56","0","0","0","0"
"162","56","0","0","0","0"
"164","56","0","0","0","0"
"166","56","0","0","0","0"
"168","56","0","0","0","0"
"170","56","0","0","0","0"
"172","56","0","0","0","0"
"174","56","0","0","0","0"
"176","56","0","0","0","0"
"178","56","0","0","0","0"
"180","56","0","0","0","0"
"182","56","0","0","0","0"
"184","60","0","0","0","0"
"186","60","0","0","0","0"
"188","60","0","0","0","0"
"190","60","0","0","0","0"
"192","60","0","0","0","0"
"194","60","0","0","0","0"
"196","60","0","0","0","0"
"198","60","0","0","0","0"
"200","60","0","0","0","0"
"202","60","0","0","0","0"
"204","60","0","0","0","0"
"206","60","0","0","0","0"
"208","60","0","0","0","0"
"210","60","0","0","0","0"
"212","60","0","0","0","0"
"214","60","0","0","0","0"
"216","60","0","0","0","0"
"218","60","0","0","0","0"
"220","60","0","0","0","0"
"222","60","0","0","0","0"
"224","60","0","0","0","0"
"226","60","0","0","0","0"
"228","60","0","0","0","0"
"230","60","0","0","0","0"
"232","60","0","0","0","0"
"234","60","0","0","0","0"
"236","60","0","0","0","0"
"238","60","0","0","0","0"
"240","60","0","0","0","0"
"242","60","0","0","0","0"
"244","60","0","0","0","0"
"246","60","0","0","0","0"
"248","60","0","0","0","0"
"250","60","0","0","0","0"
"252","60","0","0","0","0"
"254","60","0","0","0","0"
"256","60","0","0","0","0"
"258","60","0","0","0","0"
"260","60","0","0","0","0"
"262","60","0","0","0","0"
"264","60","0","0","0","0"
"266","60","0","0","0","0"
"268","60","0","0","0","0"
"270","60","0","0","0","0"
"272","60","0","0","0","0"
"274","60","0","0","0","0"
"276","60","0","0","0","0"
"278","60","0","0","0","0"
"280","60","0","0","0","0"
"282","60","0","0","0","0"
"284","60","0","0","0","0"
"286","60","0","0","0","0"
"288","60","0","0","0","0"
"290","60","0","0","0","0"
"292","60","0","0","0","0"
"294","60","0","0","0","0"
"296","60","0","0","0","0"
"298","60","0","0","0","0"
"300","60","0","0","0","0"
"302","60","0","0","0","0"
"304","60","0","0","0","0"
"306","60","0","0","0","0"
"308","60","0","0","0","0"
"310","60","0","0","0","0"
"312","60","0","0","0","0"
"314","60","0","0","0","0"
"316","60","0","0","0","0"
"318","60","0","0","0","0"
"320","60","0","0","0","0"
"322","60","0","0","0","0"
"324","60","0","0","0","0"
"326","60","0","0","0","0"
"328","60","0","0","0","0"
"330","60","0","0","0","0"
"332","60","0","0","0","0"
"334","60","0","0","0","0"
"336","60","0","0","0","0"
"338","60","0","0","0","0"
"340","60","0","0","0","0"
"342","60","0","0","0","0"
"344","60","0","0","0","0"
"346","60","0","0","0","0"
"348","60","0","0","0","0"
"350","60","0","0","0","0"
"352","60","0","0","0","0"
"354","60","0","0","0","0"
"356","60","0","0","0","0"
"358","60","0","0","0","0"
"360","60","0","0","0","0"
"362","60","0","0","0","0"
"364","60","0","0","0","0"
"366","60","0","0","0","0"
"368","60","0","0","0","0"
"370","60","0","0","0","0"
"372","60","0","0","0","0"
"374","60","0","0","0","0"
"376","60","0","0","0","0"
"378","60","0","0","0","0"
"380","60","0","0","0","0"
"382","60","0","0","0","0"
"384","60","0","0","0","0"
"386","60","0","0","0","0"
"388","60","0","0","0","0"
"390","60","0","0","0","0"
"392","60","0","0","0","0"
"394","60","0","0","0","0"
"396","60","0","0","0","0"
"398","60","0","0","0","0"
"400","60","0","0","0","0"
"402","60","0","0","0","0"
"404","60","0","0","0","0"
"406","60","0","0","0","0"
"408","60","0","0","0","0"
"410","60","0","0","0","0"
"412","60","0","0","0","0"
"414","64","0","0","0","0"
"416","64","0","0","0","0"
"418","64","0","0","0","0"
"420","64","0","0","0","0"
"422","64","0","0","0","0"
"424","64","0","0","0","0"
"426","64","0","0","0","0"
"428","64","0","0","0","0"
"430","64","0","0","0","0"
"432","64","0","0","0","0"
"434","64","0","0","0","0"
"436","64","0","0","0","0"
"438","64","0","0","0","0"
"440","64","0","0","0","0"
"442","64","0","0","0","0"
"444","64","0","0","0","0"
"446","64","0","0","0","0"
"448","64","0","0","0","0"
"450","64","0","0","0","0"
"452","64","0","0","0","0"
"454","64","0","0","0","0"
"456","64","0","0","0","0"
"458","64","0","0","0","0"
"460","64","0","0","0","0"
"462","64","0","0","0","0"
"464","64","0","0","0","0"
"466","64","0","0","0","0"
"468","64","0","0","0","0"
"470","64","0","0","0","0"
"472","64","0","0","0","0"
"474","64","0","0","0","0"
"476","64","0","0","0","0"
"478","64","0","0","0","0"
"480","68","0","0","0","0"
"482","68","0","0","0","0"
"484","68","0","0","0","0"
"486","68","0","0","0","0"
"488","68","0","0","0","0"
"490","68","0","0","0","0"
"492","68","0","0","0","0"
"494","68","0","0","0","0"
"496","68","0","0","0","0"
"498","68","0","0","0","0"
"500","68","0","0","0","0"
"502","68","0","0","0","0"
"504","68","0","0","0","0"
"506","68","0","0","0","0"
"508","68","0","0","0","0"
"510","68","0","0","0","0"
"512","68","0","0","0","0"
"514","68","0","0","0","0"
"516","68","0","0","0","0"
"518","68","0","0","0","0"
"520","68","0","0","0","0"
"522","68","0","0","0","0"
"524","68","0","0","0","0"
"526","68","0","0","0","0"
"528","68","0","0","0","0"
"530","68","0","0","0","0"
"532","68","0","0","0","0"
"534","68","0","0","0","0"
"536","68","0","0","0","0"
"538","68","0","0","0","0"
"540","68","0","0","0","0"
"542","68","0","0","0","0"
"544","68","0","0","0","0"
"546","68","0","0","0","0"
"548","68","0","0","0","0"
"550","68","0","0","0","0"
"552","68","0","0","0","0"
"554","68","0","0","0","0"
"556","68","0","0","0","0"
"558","68","0","0","0","0"
"560","68","0","0","0","0"
"562","68","0","0","0","0"
"564","68","0","0","0","0"
"566","68","0","0","0","0"
"568","68","0","0","0","0"
"570","68","0","0","0","0"
"572","68","0","0","0","0"
"574","68","0","0","0","0"
"576","68","0","0","0","0"
"578","68","0","0","0","0"
"580","68","0","0","0","0"
"582","68","0","0","0","0"
"584","68","0","0","0","0"
"586","68","0","0","0","0"
"588","68","0","0","0","0"
"590","68","0","0","0","0"
"592","68","0","0","0","0"
"594","68","0","0","0","0"
"596","68","0","0","0","0"
"598","68","0","0","0","0"
"600","68","0","0","0","0"
"602","68","0","0","0","0"
"604","68","0","0","0","0"
"606","68","0","0","0","0"
"608","68","0","0","0","0"
"610","68","0","0","0","0"
"612","68","0","0","0","0"
"614","68","0","0","0","0"
"616","68","0","0","0","0"
"618","68","0","0","0","0"
"620","68","0","0","0","0"
"622","68","0","0","0","0"
"624","68","0","0","0","0"
"626","68","0","0","0","0"
"628","68","0","0","0","0"
"630","68","0","0","0","0"
"632","68","0","0","0","0"
"634","68","0","0","0","0"
"636","68","0","0","0","0"
"638","68","0","0","0","0"
"640","68","0","0","0","0"
"642","68","0","0","0","0"
"644","68","0","0","0","0"
"646","68","0","0","0","0"
"648","68","0","0","0","0"
"650","68","0","0","0","0"
"652","68","0","0","0","0"
"654","68","0","0","0","0"
"656","68","0","0","0","0"
"658","68","0","0","0","0"
"660","68","0","0","0","0"
"662","68","0","0","0","0"
"664","68","0","0","0","0"
"666","68","0","0","0","0"
"668","68","0","0","0","0"
"670","68","0","0","0","0"
"672","68","0","0","0","0"
"674","68","0","0","0","0"
"676","68","0","0","0","0"
"678","68","0","0","0","0"
"680","68","0","0","0","0"
"682","68","0","0","0","0"
"684","68","0","0","0","0"
"686","68","0","0","0","0"
"688","68","0","0","0","0"
"690","68","0","0","0","0"
"692","68","0","0","0","0"
"694","68","0","0","0","0"
"696","68","0","0","0","0"
"698","68","0","0","0","0"
"700","68","0","0","0","0"
"702","68","0","0","0","0"
"704","68","0","0","0","0"
"706","68","0","0","0","0"
"708","68","0","0","0","0"
"710","68","0","0","0","0"
"712","68","0","0","0","0"
"714","68","0","0","0","0"
"716","68","0","0","0","0"
"718","68","0","0","0","0"
"720","68","0","0","0","0"
"722","68","0","0","0","0"
"724","68","0","0","0","0"
"726","68","0","0","0","0"
"728","68","0","0","18","0"
"730","68","8","0","18","0"
"732","68","0","0","18","12"
"734","68","0","14","18","0"
"736","68","0","14","18","0"
"738","68","0","14","18","0"
"740","68","0","14","18","0"
"742","68","0","14","18","0"
"744","68","0","14","18","0"
"746","68","0","14","18","0"
"748","68","0","14","18","0"
"750","68","0","14","18","0"
"752","68","0","14","18","0"
"754","68","0","14","18","0"
"756","68","0","14","18","0"
"758","68","0","14","18","0"
"760","68","0","14","18","0"
"762","68","0","14","18","0"
"764","68","0","14","18","0"
"766","68","0","14","18","0"
"768","68","0","6","18","0"
"770","68","0","6","18","0"
"772","68","0","6","18","0"
"774","68","0","6","18","0"
"776","68","0","6","18","0"
"778","68","0","6","18","0"
"780","68","0","6","18","0"
"782","68","0","6","18","0"
"784","68","0","6","18","0"
"786","68","0","6","18","0"
"788","68","0","6","18","0"
"790","68","0","6","18","0"
"792","68","0","6","18","0"
"794","68","0","6","18","0"
"796","68","0","0","18","0"
"798","68","0","0","18","0"
"800","68","0","0","18","0"
"802","68","0","0","18","0"
"804","68","0","0","18","0"
"806","68","0","0","18","0"
"808","68","0","0","18","0"
"810","68","0","0","18","0"
"812","68","0","0","18","0"
"814","68","0","0","18","0"
"816","68","0","0","18","0"
"818","68","0","0","18","0"
"820","68","0","0","18","0"
"822","68","0","0","18","0"
"824","68","0","0","18","0"
"826","68","0","0","18","0"
"828","68","0","0","18","0"
"830","68","0","0","18","0"
"832","68","0","0","18","0"
"834","68","0","0","18","0"
"836","68","0","0","18","0"
"838","68","0","0","18","0"
"840","68","0","0","18","0"
"842","68","0","0","18","0"
"844","68","0","0","18","0"
"846","68","0","0","18","0"
"848","68","0","0","18","0"
"850","68","0","0","18","0"
"852","68","0","0","18","0"
"854","68","0","0","18","0"
"856","68","0","0","18","0"
"858","68","0","0","18","0"
"860","68","0","0","18","0"
"862","68","0","0","18","0"
"864","68","0","0","18","0"
"866","68","0","0","18","0"
"868","68","0","0","18","0"
"870","68","0","0","18","0"
"872","68","0","0","18","0"
"874","68","0","0","18","0"
"876","68","0","0","18","0"
"878","68","0","0","18","0"
"880","68","0","0","18","0"
"882","68","0","0","18","0"
"884","68","0","0","18","0"
"886","68","0","8","0","0"
"888","68","0","8","0","0"
"890","68","0","8","0","0"
"892","60","0","8","0","0"
"894","60","0","8","0","0"
"896","60","0","8","0","0"
"898","60","0","8","0","0"
"900","60","0","8","0","0"
"902","60","0","8","0","0"
"904","60","0","8","0","0"
"906","60","0","8","0","0"
"908","60","0","8","0","0"
"910","60","0","8","0","0"
"912","60","0","8","0","0"
"914","60","0","8","0","0"
"916","60","0","0","0","0"
"918","60","0","0","0","0"
"920","60","0","0","0","0"
"922","60","0","0","0","0"
"924","60","0","0","0","0"
"926","60","0","0","0","0"
"928","60","0","0","0","0"
"930","60","0","0","0","0"
"932","60","0","0","0","0"
"934","60","0","0","0","0"
"936","60","0","0","0","0"
"938","60","0","0","0","0"
"940","60","0","0","0","0"
"942","60","0","0","0","0"
"944","60","0","0","0","0"
"946","60","0","0","0","0"
"948","60","0","0","0","0"
"950","60","0","0","0","0"
"952","60","0","0","0","0"
"954","60","0","0","0","0"
"956","60","0","0","0","0"
"958","60","0","0","0","0"
"960","60","0","0","0","0"
"962","60","0","0","0","0"
"964","60","0","0","0","0"
"966","60","0","0","0","0"
"968","60","0","0","0","0"
"970","60","0","0","0","0"
"972","60","0","0","0","0"
"974","60","0","0","0","0"
"976","60","0","0","0","0"
"978","60","0","0","0","0"
"980","60","0","0","0","0"
"982","60","0","0","0","0"
"984","60","0","0","0","0"
"986","60","0","0","0","0"
"988","60","0","0","0","0"
"990","60","0","0","0","0"
"992","60","0","0","0","0"
"994","60","0","0","0","0"
"996","60","0","0","0","0"
"998","60","0","0","0","0"
"1000","60","0","0","0","0"
"1002","60","0","0","0","0"
"1004","60","0","0","0","0"
"1006","60","0","0","0","0"
"1008","60","0","0","0","0"
"1010","60","0","0","0","0"
"1012","60","0","0","0","0"
"1014","60","0","0","0","0"
"1016","60","0","0","0","0"
"1018","60","0","0","0","0"
"1020","60","0","0","0","0"
"1022","60","0","0","0","0"
"1024","60","0","0","0","0"
"1026","60","0","0","0","0"
"1028","60","0","0","0","0"
"1030","60","0","0","0","0"
"1032","60","0","0","0","0"
"1034","60","0","0","0","0"
"1036","60","0","0","0","0"
"1038","60","0","0","0","0"
"1040","60","0","0","0","0"
"1042","60","0","0","0","0"
"1044","60","0","0","0","0"
"1046","60","0","0","0","0"
"1048","60","0","0","0","0"
"1050","60","0","0","0","0"
"1052","60","0","0","0","0"
"1054","60","0","0","0","0"
"1056","60","0","0","0","0"
"1058","60","0","0","0","0"
"1060","60","0","0","0","0"
"1062","60","0","0","0","0"
"1064","60","0","0","0","0"
"1066","60","0","0","0","0"
"1068","60","0","0","0","0"
"1070","60","0","0","0","0"
"1072","60","0","0","0","0"
"1074","60","0","0","0","0"
"1076","60","0","0","0","0"
"1078","60","0","0","0","0"
"1080","60","0","0","0","0"
"1082","60","0","0","0","0"
"1084","60","0","0","0","0"
"1086","60","0","0","0","0"
"1088","60","0","0","0","0"
"1090","60","0","0","0","0"
"1092","60","0","0","0","0"
"1094","60","0","0","0","0"
"1096","60","0","0","0","0"
"1098","60","0","0","0","0"
"1100","60","0","0","0","0"
"1102","60","0","0","0","0"
"1104","60","0","0","0","0"
"1106","60","0","0","0","0"
"1108","60","0","0","0","0"
"1110","60","0","0","0","0"
"1112","60","0","0","0","0"
"1114","60","0","0","0","0"
"1116","60","0","0","0","0"
"1118","60","0","0","0","0"
"1120","60","0","0","0","0"
"1122","60","0","0","0","0"
"1124","60","0","0","0","0"
"1126","60","0","0","0","0"
"1128","60","0","0","0","0"
"1130","60","0","0","0","0"
"1132","60","0","0","0","0"
"1134","60","0","0","0","0"
"1136","60","0","0","0","0"
"1138","60","0","0","0","0"
"1140","60","0","0","0","0"
"1142","60","0","0","0","0"
"1144","60","0","0","0","0"
"1146","60","0","0","0","0"
"1148","60","0","0","0","0"
"1150","60","0","0","0","0"
"1152","60","0","0","0","0"
"1154","60","0","0","0","0"
"1156","60","0","0","0","0"
"1158","64","0","0","0","0"
"1160","64","0","0","0","0"
"1162","64","0","0","0","0"
"1164","64","0","0","0","0"
"1166","64","0","0","0","0"
"1168","64","0","0","0","0"
"1170","64","0","0","0","0"
"1172","64","0","0","0","0"
"1174","64","0","0","0","0"
"1176","64","0","0","0","0"
"1178","64","0","0","0","0"
"1180","64","0","0","0","0"
"1182","64","0","0","0","0"
"1184","64","0","0","0","0"
"1186","64","0","0","0","0"
"1188","64","0","0","0","0"
"1190","64","0","0","0","0"
"1192","64","0","0","0","0"
"1194","64","0","0","0","0"
"1196","64","0","0","0","0"
"1198","64","0","0","0","0"
"1200","64","0","0","0","0"
"1202","64","0","0","0","0"
"1204","64","0","0","0","0"
"1206","64","0","0","0","0"
"1208","64","0","0","0","0"
"1210","64","0","0","0","0"
"1212","64","0","0","0","0"
"1214","64","0","0","0","0"
"1216","64","0","0","0","0"
"1218","64","0","0","0","0"
"1220","64","0","0","0","0"
"1222","64","0","0","0","0"
"1224","64","0","0","0","0"
"1226","64","0","0","0","0"
"1228","64","0","0","0","0"
"1230","64","0","0","0","0"
"1232","64","0","0","0","0"
"1234","64","0","0","0","0"
"1236","64","0","0","0","0"
"1238","64","0","0","0","0"
"1240","64","0","0","0","0"
"1242","64","0","0","0","0"
"1244","64","0","0","0","0"
"1246","64","0","0","0","0"
"1248","64","0","0","0","0"
"1250","64","0","0","0","0"
"1252","64","0","0","0","0"
"1254","64","0","0","0","0"
"1256","64","0","0","0","0"
"1258","64","0","0","0","0"
"1260","64","0","0","0","0"
"1262","64","0","0","0","0"
"1264","64","0","0","0","0"
"1266","64","0","0","0","0"
"1268","64","0","0","0","0"
"1270","64","0","0","0","0"
"1272","64","0","0","0","0"
"1274","64","0","0","0","0"
"1276","64","0","0","0","0"
"1278","64","0","0","0","0"
"1280","64","0","0","0","0"
"1282","64","0","0","0","0"
"1284","64","0","0","0","0"
"1286","64","0","0","0","0"
"1288","64","0","0","0","0"
"1290","64","0","0","0","0"
"1292","64","0","0","0","0"
"1294","64","0","0","0","0"
"1296","64","0","0","0","0"
"1298","64","0","0","0","0"
"1300","64","0","0","0","0"
"1302","64","0","0","0","0"
"1304","64","0","0","0","0"
"1306","64","0","0","0","0"
"1308","64","0","0","0","0"
"1310","64","0","0","0","0"
"1312","64","0","0","0","0"
"1314","64","0","0","0","0"
"1316","64","0","0","0","0"
"1318","64","0","0","0","0"
"1320","64","0","0","0","0"
"1322","64","0","0","0","0"
"1324","64","0","0","0","0"
"1326","64","0","0","0","0"
"1328","64","0","0","0","0"
"1330","64","0","0","0","0"
"1332","64","0","0","0","0"
"1334","64","0","0","0","0"
"1336","64","0","0","0","0"
"1338","64","0","0","0","0"
"1340","64","0","0","0","0"
"1342","64","0","0","0","0"
"1344","64","0","0","0","0"
"1346","64","0","0","0","0"
"1348","64","0","0","0","0"
"1350","64","0","0","0","0"
"1352","64","0","0","0","0"
"1354","64","0","0","0","0"
"1356","64","0","0","0","0"
"1358","64","0","0","0","0"
"1360","64","0","0","0","0"
"1362","64","0","0","0","0"
"1364","64","0","0","0","0"
"1366","64","0","0","0","0"
"1368","64","0","0","0","0"
"1370","64","0","0","0","0"
"1372","64","0","0","0","0"
"1374","64","0","0","0","0"
"1376","64","0","0","0","0"
"1378","64","0","0","0","0"
"1380","64","0","0","0","0"
"1382","64","0","0","0","0"
"1384","64","0","0","0","0"
"1386","64","0","0","0","0"
"1388","64","0","0","0","0"
"1390","64","0","0","0","0"
"1392","64","0","0","0","0"
"1394","64","0","0","0","0"
"1396","64","0","0","0","0"
"1398","64","0","0","0","0"
"1400","64","0","0","0","0"
"1402","64","0","0","0","0"
"1404","64","0","0","0","0"
"1406","64","0","0","0","0"
"1408","64","0","0","0","0"
"1410","64","0","0","0","0"
"1412","64","0","0","0","0"
"1414","64","0","0","0","0"
"1416","64","0","0","0","0"
"1418","64","0","0","0","0"
"1420","64","0","0","0","0"
"1422","64","0","0","0","0"
"1424","64","0","0","0","0"
"1426","64","0","0","0","0"
"1428","64","0","0","0","0"
"1430","64","0","0","0","0"
"1432","64","0","0","0","0"
"1434","64","0","0","0","0"
"1436","64","0","0","0","0"
"1438","64","0","0","0","0"
"1440","64","0","0","0","0"
"1442","64","0","0","0","0"
"1444","64","0","0","0","0"
"1446","64","0","0","0","0"
"1448","64","0","0","0","0"
"1450","64","0","0","0","0"
"1452","64","0","0","0","0"
"1454","64","0","0","0","0"
"1456","64","0","0","0","0"
"1458","64","0","0","0","0"
"1460","64","0","0","0","0"
"1462","64","0","0","0","0"
"1464","64","0","0","0","0"
"1466","64","0","0","0","0"
"1468","68","0","0","0","0"
"1470","68","0","0","0","0"
"1472","68","0","0","0","0"
"1474","68","0","0","0","0"
"1476","68","0","0","0","0"
"1478","68","0","0","0","0"
"1480","62","0","0","0","0"
"1482","62","0","0","0","0"
"1484","62","0","0","0","0"
"1486","62","0","0","0","0"
"1488","62","0","0","0","0"
"1490","62","0","0","0","0"
"1492","62","0","0","0","0"
"1494","62","0","0","0","0"
"1496","62","0","0","0","0"
"1498","62","0","0","0","0"
"1500","62","0","0","0","0"
"1502","62","0","0","0","0"
"1504","62","0","0","0","0"
"1506","62","0","0","0","0"
"1508","62","0","0","0","0"
"1510","62","0","0","0","0"
"1512","62","0","0","0","0"
"1514","62","0","0","0","0"
"1516","62","0","0","0","0"
"1518","62","0","0","0","0"
"1520","62","0","0","0","0"
"1522","62","0","0","0","0"
"1524","62","0","0","0","0"
"1526","62","0","0","0","0"
"1528","62","0","0","0","0"
"1530","62","0","0","0","0"
"1532","62","0","0","0","0"
"1534","62","0","0","0","0"
"1536","62","0","0","0","0"
"1538","62","0","0","0","0"
"1540","62","0","0","0","0"
"1542","62","0","0","0","0"
"1544","62","0","0","0","0"
"1546","62","0","0","0","0"
"1548","62","0","0","0","0"
"1550","62","0","0","0","0"
"1552","62","0","0","0","0"
"1554","62","0","0","0","0"
"1556","62","0","0","0","0"
"1558","62","0","0","0","0"
"1560","62","0","0","0","0"
"1562","62","0","0","0","0"
"1564","62","0","0","0","0"
"1566","62","0","0","0","0"
"1568","62","0","0","0","0"
"1570","62","0","0","0","0"
"1572","62","0","0","0","0"
"1574","62","0","0","0","0"
"1576","62","0","0","0","0"
"1578","62","0","0","0","0"
"1580","62","0","0","0","0"
"1582","62","0","0","0","0"
"1584","62","0","0","0","0"
"1586","62","0","0","0","0"
"1588","62","0","0","0","0"
"1590","62","0","0","0","0"
"1592","62","0","0","0","0"
"1594","62","0","0","0","0"
"1596","62","0","0","0","0"
"1598","62","0","0","0","0"
"1600","62","0","0","0","0"
"1602","62","0","0","0","0"
"1604","62","0","0","0","0"
"1606","62","0","0","0","0"
"1608","62","0","0","0","0"
"1610","62","0","0","0","0"
"1612","62","0","0","0","0"
"1614","62","0","0","0","0"
"1616","62","0","0","0","0"
"1618","62","0","0","0","0"
"1620","62","0","0","0","0"
"1622","62","0","0","0","0"
"1624","62","0","0","0","0"
"1626","62","0","0","0","0"
"1628","62","0","0","0","0"
"1630","62","0","0","0","0"
"1632","62","0","0","0","0"
"1634","62","0","0","0","0"
"1636","62","0","0","0","0"
"1638","62","0","0","0","0"
"1640","62","0","0","0","0"
"1642","62","0","0","0","0"
"1644","62","0","0","0","0"
"1646","62","0","0","0","0"
"1648","62","0","0","0","0"
"1650","62","0","0","0","0"
"1652","62","0","0","0","0"
"1654","62","0","0","0","0"
"1656","62","0","0","0","0"
"1658","62","0","0","0","0"
"1660","62","0","0","0","0"
"1662","62","0","0","0","0"
"1664","62","0","0","0","0"
"1666","62","0","0","0","0"
"1668","62","0","0","0","0"
"1670","62","0","0","0","0"
"1672","62","0","0","0","0"
"1674","62","0","0","0","0"
"1676","62","0","0","0","0"
"1678","62","0","0","0","0"
"1680","62","0","0","0","0"
"1682","62","0","0","0","0"
"1684","62","0","0","0","0"
"1686","62","0","0","0","0"
"1688","62","0","0","0","0"
"1690","62","0","0","0","0"
"1692","62","0","0","0","0"
"1694","62","0","0","0","0"
"1696","62","0","0","0","0"
"1698","62","0","0","0","0"
"1700","62","0","0","0","0"
"1702","62","0","0","0","0"
"1704","62","0","0","0","0"
"1706","62","0","0","0","0"
"1708","62","0","0","0","0"
"1710","62","0","0","0","0"
"1712","62","0","0","0","0"
"1714","62","0","0","0","0"
"1716","62","0","0","0","0"
"1718","62","0","0","0","0"
"1720","62","0","0","0","0"
"1722","62","0","0","0","0"
"1724","62","0","0","0","0"
"1726","62","0","0","0","0"
"1728","62","0","0","0","0"
"1730","62","0","0","0","0"
"1732","62","0","0","0","0"
"1734","62","0","0","0","0"
"1736","62","0","0","0","0"
"1738","62","0","0","0","0"
"1740","62","0","0","0","0"
"1742","62","0","0","0","0"
"1744","62","0","0","0","0"
"1746","62","0","0","0","0"
"1748","62","0","0","0","0"
"1750","62","0","0","0","0"
"1752","62","0","0","0","0"
"1754","62","0","0","0","0"
"1756","62","0","0","0","0"
"1758","62","0","0","0","0"
"1760","62","0","0","0","0"
"1762","62","0","0","0","0"
"1764","62","0","0","0","0"
"1766","62","0","0","0","0"
"1768","62","0","0","0","0"
"1770","62","0","0","0","0"
"1772","62","0","0","0","0"
"1774","62","0","0","0","0"
"1776","62","0","0","0","0"
"1778","62","0","0","0","0"
"1780","62","0","0","0","0"
"1782","62","0","0","0","0"
"1784","62","0","0","0","0"
"1786","62","0","0","0","0"
"1788","62","0","0","0","0"
"1790","62","0","0","0","0"
"1792","62","0","0","0","0"
"1794","62","0","0","0","0"
"1796","62","0","0","0","0"
"1798","62","0","0","0","0"
"1800","62","0","0","0","0"
"1802","62","0","0","0","0"
"1804","62","0","0","0","0"
"1806","62","0","0","0","0"
"1808","62","0","0","0","0"
"1810","62","0","0","0","0"
"1812","62","0","0","0","0"
"1814","62","0","0","0","0"
"1816","62","0","0","0","0"
"1818","62","0","0","0","0"
"1820","62","0","0","0","0"
"1822","62","0","0","0","0"
"1824","62","0","0","0","0"
"1826","62","0","0","0","0"
"1828","62","0","0","0","0"
"1830","62","0","0","0","0"
"1832","62","0","0","0","0"
"1834","62","0","0","0","0"
"1836","62","0","0","0","0"
"1838","62","0","0","0","0"
"1840","62","0","0","0","0"
"1842","62","0","0","0","0"
"1844","62","0","0","0","0"
"1846","62","0","0","0","0"
"1848","62","0","0","0","0"
"1850","62","0","0","0","0"
"1852","62","0","0","0","0"
"1854","62","0","0","0","0"
"1856","62","0","0","0","0"
"1858","62","0","0","0","0"
"1860","62","0","0","0","0"
"1862","62","0","0","0","0"
"1864","62","0","0","0","0"
"1866","62","0","0","0","0"
"1868","58","0","0","0","0"
"1870","58","0","0","0","0"
"1872","58","0","0","0","0"
"1874","58","0","0","0","0"
"1876","58","0","0","0","0"
"1878","58","0","0","0","0"
"1880","58","0","0","0","0"
"1882","58","0","0","0","0"
"1884","58","0","0","0","0"
"1886","58","0","0","0","0"
"1888","58","0","0","0","0"
"1890","58","0","0","0","0"
"1892","58","0","0","0","0"
"1894","58","0","0","0","0"
"1896","58","0","0","0","0"
"1898","58","0","0","0","0"
"1900","58","0","0","0","0"
"1902","58","0","0","0","0"
"1904","58","0","0","0","0"
"1906","58","0","0","0","0"
"1908","58","0","0","0","0"
"1910","58","0","0","0","0"
"1912","58","0","0","0","0"
"1914","58","0","0","0","0"
"1916","58","0","0","0","0"
"1918","58","0","0","0","0"
"1920","58","0","0","0","0"
"1922","58","0","0","0","0"
"1924","58","0","0","0","0"
"1926","58","0","0","0","0"
"1928","58","0","0","0","0"
"1930","58","0","0","0","0"
"1932","58","0","0","0","0"
"1934","58","0","0","0","0"
"1936","58","0","0","0","0"
"1938","58","0","0","0","0"
"1940","62","0","0","0","0"
"1942","62","0","0","0","0"
"1944","62","0","0","0","0"
"1946","62","0","0","0","0"
"1948","62","0","0","0","0"
"1950","62","0","0","0","0"
"1952","62","0","0","0","0"
"1954","62","0","0","0","0"
"1956","62","0","0","0","0"
"1958","62","0","0","0","0"
"1960","62","0","0","0","0"
"1962","62","0","0","0","0"
"1964","62","0","0","0","0"
"1966","62","0","0","0","0"
"1968","62","0","0","0","0"
"1970","62","0","0","0","0"
"1972","62","0","0","0","0"
"1974","62","0","0","0","0"
"1976","62","0","0","0","0"
"1978","62","0","0","0","0"
"1980","62","0","0","0","0"
"1982","62","0","0","0","0"
"1984","62","0","0","0","0"
"1986","62","0","0","0","0"
"1988","62","0","0","0","0"
"1990","62","0","0","0","0"
"1992","62","0","0","0","0"
"1994","62","0","0","0","0"
"1996","62","0","0","0","0"
"1998","62","0","0","0","0"
"2000","62","0","0","0","0"
"2002","62","0","0","0","0"
"2004","62","0","0","0","0"
"2006","62","0","0","0","0"
"2008","62","0","0","0","0"
"2010","62","0","0","0","0"
"2012","62","0","0","0","0"
"2014","62","0","0","0","0"
"2016","62","0","0","0","0"
"2018","62","0","0","0","0"
"2020","62","0","0","0","0"
"2022","62","0","0","0","0"
"2024","62","0","0","0","0"
"2026","62","0","0","0","0"
"2028","62","0","0","0","0"
"2030","62","0","0","0","0"
"2032","62","0","0","0","0"
"2034","62","0","0","0","0"
"2036","62","0","0","0","0"
"2038","62","0","0","0","0"
"2040","62","0","0","0","0"
"2042","62","0","0","0","0"
"2044","66","0","0","0","0"
"2046","66","0","0","0","0"
"2048","66","0","0","0","0"
"2050","66","0","0","0","0"
"2052","66","0","0","0","0"
"2054","66","0","0","0","0"
"2056","66","0","0","0","0"
"2058","66","0","0","0","0"
"2060","66","0","0","0","0"
"2062","66","0","0","0","0"
"2064","66","0","0","0","0"
"2066","66","0","0","0","0"
"2068","66","0","0","0","0"
"2070","66","0","0","0","0"
"2072","66","0","0","0","0"
"2074","66","0","0","0","0"
"2076","66","0","0","0","0"
"2078","66","0","0","0","0"
"2080","66","0","0","0","0"
"2082","66","0","0","0","0"
"2084","66","0","0","0","0"
"2086","66","0","0","0","0"
"2088","66","0","0","0","0"
"2090","66","0","0","0","0"
"2092","66","0","0","0","0"
"2094","66","0","0","0","0"
"2096","66","0","0","0","0"
"2098","66","0","0","0","0"
"2100","66","0","0","0","0"
"2102","66","0","0","0","0"
"2104","66","0","0","0","0"
"2106","66","0","0","0","0"
"2108","66","0","0","0","0"
"2110","66","0","0","0","0"
"2112","66","0","0","0","0"
"2114","66","0","0","0","0"
"2116","66","0","0","0","0"
"2118","66","0","0","0","0"
"2120","66","0","0","0","0"
"2122","66","0","0","0","0"
"2124","66","0","0","0","0"
"2126","66","0","0","0","0"
"2128","66","0","0","0","0"
"2130","66","0","0","0","0"
"2132","66","0","0","0","0"
"2134","66","0","0","0","0"
"2136","66","0","0","0","0"
"2138","70","0","0","0","0"
"2140","70","0","0","0","0"
"2142","70","0","0","0","0"
"2144","70","0","0","0","0"
"2146","70","0","0","0","0"
"2148","70","0","0","0","0"
"2150","70","0","0","0","0"
"2152","70","0","0","0","0"
"2154","70","0","0","0","0"
"2156","70","0","0","0","0"
"2158","70","0","0","0","0"
"2160","70","0","0","0","0"
"2162","70","0","0","0","0"
"2164","70","0","0","0","0"
"2166","70","0","0","0","0"
"2168","70","0","0","0","0"
"2170","70","0","0","0","0"
"2172","70","0","0","0","0"
"2174","70","0","0","0","0"
"2176","70","0","0","0","0"
"2178","70","0","0","0","0"
"2180","70","0","0","0","0"
"2182","70","0","0","0","0"
"2184","70","0","0","0","0"
"2186","70","0","0","0","0"
"2188","70","0","0","0","0"
"2190","70","0","0","0","0"
"2192","70","0","0","0","0"
"2194","70","0","0","0","0"
"2196","70","0","0","0","0"
"2198","70","0","0","0","0"
"2200","70","0","0","0","0"
"2202","70","0","0","0","0"
"2204","70","0","0","0","0"
"2206","70","0","0","0","0"
"2208","70","0","0","0","0"
"2210","70","0","0","0","0"
"2212","70","0","0","0","0"
"2214","72","0","0","0","0"
"2216","74","0","0","0","0"
"2218","74","0","0","0","0"
"2220","74","0","0","0","0"
"2222","74","0","0","0","0"
"2224","74","0","0","0","0"
"2226","74","0","0","0","0"
"2228","74","0","0","0","0"
"2230","74","0","0","0","0"
"2232","74","0","0","0","0"
"2234","74","0","0","0","0"
"2236","74","0","0","0","0"
"2238","74","0","0","0","0"
"2240","74","0","0","0","0"
"2242","74","0","0","0","0"
"2244","74","0","0","0","0"
"2246","74","0","0","0","0"
"2248","74","0","0","0","0"
"2250","74","0","0","0","0"
"2252","74","0","0","0","0"
"2254","74","0","0","0","0"
"2256","74","0","0","0","0"
"2258","74","0","0","0","0"
"2260","74","0","0","0","0"
"2262","74","0","0","0","0"
"2264","74","0","0","0","0"
"2266","74","0","0","0","0"
"2268","74","0","0","0","0"
"2270","74","0","0","0","0"
"2272","74","0","0","0","0"
"2274","74","0","0","0","0"
"2276","74","0","0","0","0"
"2278","74","0","0","0","0"
"2280","74","0","0","0","0"
"2282","74","0","0","0","0"
"2284","74","0","0","0","0"
"2286","74","0","0","0","0"
"2288","74","0","0","0","0"
"2290","74","0","0","0","0"
"2292","74","0","0","0","0"
"2294","74","0","0","0","0"
"2296","74","0","0","0","0"
"2298","74","0","0","0","0"
"2300","74","0","0","0","0"
"2302","74","0","0","0","0"
"2304","74","0","0","0","0"
"2306","74","0","0","0","0"
"2308","74","0","0","0","0"
"2310","74","0","0","0","0"
"2312","74","0","0","0","0"
"2314","74","0","0","0","0"
"2316","74","0","0","0","0"
"2318","74","0","0","0","0"
"2320","74","0","0","0","0"
"2322","74","0","0","0","0"
"2324","74","0","0","0","0"
"2326","74","0","0","0","0"
"2328","74","0","0","0","0"
"2330","68","0","0","0","0"
"2332","68","0","0","0","0"
"2334","68","0","0","0","0"
"2336","68","0","0","0","0"
"2338","68","0","0","0","0"
"2340","68","0","0","0","0"
"2342","68","0","0","0","0"
"2344","68","0","0","0","0"
"2346","68","0","0","0","0"
"2348","68","0","0","0","0"
"2350","68","0","0","0","0"
"2352","68","0","0","0","0"
"2354","68","0","0","0","0"
"2356","68","0","0","0","0"
"2358","68","0","0","0","0"
"2360","68","0","0","0","0"
"2362","68","0","0","0","0"
"2364","68","0","0","0","0"
"2366","68","0","0","0","0"
"2368","68","0","0","0","0"
"2370","68","0","0","0","0"
"2372","68","0","0","0","0"
"2374","68","0","0","0","0"
"2376","68","0","0","0","0"
"2378","68","0","0","0","0"
"2380","68","0","0","0","0"
"2382","68","0","0","0","0"
"2384","68","0","0","0","0"
"2386","68","0","0","0","0"
"2388","70","0","0","0","0"
"2390","70","0","0","0","0"
"2392","70","0","0","0","0"
"2394","70","0","0","0","0"
"2396","70","0","0","0","0"
"2398","70","0","0","0","0"
"2400","70","0","0","0","0"
"2402","70","0","0","0","0"
"2404","70","0","0","0","0"
"2406","70","0","0","0","0"
"2408","70","0","0","0","0"
"2410","70","0","0","0","0"
"2412","70","0","0","0","0"
"2414","70","0","0","0","0"
"2416","70","0","0","0","0"
"2418","70","0","0","0","0"
"2420","70","0","0","0","0"
"2422","70","0","0","0","0"
"2424","70","0","0","0","0"
"2426","70","0","0","0","0"
"2428","70","0","0","0","0"
"2430","70","0","0","0","0"
"2432","70","0","0","0","0"
"2434","70","0","0","0","0"
"2436","70","0","0","0","0"
"2438","70","0","0","0","0"
"2440","70","0","0","0","0"
"2442","70","0","0","0","0"
"2444","70","0","0","0","0"
"2446","70","0","0","0","0"
"2448","70","0","0","0","0"
"2450","70","0","0","0","0"
"2452","70","0","0","0","0"
"2454","70","0","0","0","0"
"2456","70","0","0","0","0"
"2458","70","0","0","0","0"
"2460","70","0","0","0","0"
"2462","70","0","0","0","0"
"2464","70","0","0","0","0"
"2466","70","0","0","0","0"
"2468","70","0","0","0","0"
"2470","70","0","0","0","0"
"2472","70","0","0","0","0"
"2474","70","0","0","0","0"
"2476","70","0","0","0","0"
"2478","70","0","0","0","0"
"2480","70","0","0","0","0"
"2482","70","0","0","0","0"
"2484","70","0","0","0","0"
"2486","70","0","0","0","0"
"2488","70","0","0","0","0"
"2490","70","0","0","0","0"
"2492","70","0","0","0","0"
"2494","70","0","0","0","0"
"2496","70","0","0","0","0"
"2498","70","0","0","0","0"
"2500","70","0","0","0","0"
"2502","70","0","0","0","0"
"2504","70","0","0","0","0"
"2506","70","0","0","0","0"
"2508","70","0","0","0","0"
"2510","70","0","0","0","0"
"2512","70","0","0","0","0"
"2514","70","0","0","0","0"
"2516","70","0","0","0","0"
"2518","70","0","0","0","0"
"2520","70","0","0","0","0"
"2522","70","0","0","0","0"
"2524","64","0","0","0","0"
"2526","64","16","0","0","0"
"2528","64","0","0","0","0"
"2530","64","0","0","0","0"
"2532","64","0","0","0","0"
"2534","64","0","0","0","0"
"2536","64","0","0","0","0"
"2538","64","0","0","0","0"
"2540","56","0","0","0","0"
"2542","56","0","0","0","0"
"2544","56","0","0","0","0"
"2546","56","0","0","0","0"
"2548","56","0","0","0","0"
"2550","56","0","0","0","0"
"2552","56","0","0","0","0"
"2554","56","0","0","0","0"
"2556","56","0","0","0","0"
"2558","56","0","0","0","0"
"2560","56","0","0","0","0"
"2562","56","0","0","0","0"
"2564","56","0","0","0","0"
"2566","56","0","0","0","0"
"2568","56","0","0","0","0"
"2570","56","0","0","0","0"
"2572","56","0","0","0","0"
"2574","56","0","0","0","0"
"2576","56","0","0","0","0"
"2578","56","0","0","0","0"
"2580","56","0","0","0","0"
"2582","56","0","0","0","0"
"2584","56","0","0","0","0"
"2586","56","0","0","0","0"
"2588","56","0","0","0","0"
"2590","56","0","0","0","0"
"2592","56","0","0","0","0"
"2594","56","0","0","0","0"
"2596","56","0","0","0","0"
"2598","56","0","0","0","0"
"2600","56","0","0","0","0"
"2602","56","0","0","0","0"
"2604","56","0","0","0","0"
"2606","56","0","0","0","0"
"2608","56","0","0","0","0"
"2610","56","0","0","0","0"
"2612","56","0","0","0","0"
"2614","56","0","0","0","0"
"2616","56","0","0","0","0"
"2618","56","0","0","0","0"
"2620","56","0","0","0","0"
"2622","66","0","0","0","0"
"2624","66","0","0","0","0"
"2626","66","0","0","0","0"
"2628","66","0","0","0","0"
"2630","66","0","0","0","0"
"2632","66","0","0","0","0"
"2634","66","0","0","0","0"
"2636","66","0","0","0","0"
"2638","66","0","0","0","0"
"2640","66","0","0","0","0"
"2642","66","0","0","0","0"
"2644","66","0","0","0","0"
"2646","66","0","0","0","0"
"2648","66","0","0","0","0"
"2650","66","0","0","0","0"
"2652","66","0","0","0","0"
"2654","66","0","0","0","0"
"2656","66","0","0","0","0"
"2658","66","0","0","0","0"
"2660","66","0","0","0","0"
"2662","66","0","0","0","0"
"2664","66","0","0","0","0"
"2666","66","0","0","0","0"
"2668","66","0","0","0","0"
"2670","66","0","0","0","0"
"2672","66","0","0","0","0"
"2674","66","0","0","0","0"
"2676","66","0","0","0","0"
"2678","66","0","0","0","0"
"2680","66","0","0","0","0"
"2682","66","0","0","0","0"
"2684","66","0","0","0","0"
"2686","66","0","0","0","0"
"2688","66","0","0","0","0"
"2690","66","0","0","0","0"
"2692","66","0","0","0","0"
"2694","66","0","0","0","0"
"2696","66","0","0","0","0"
"2698","66","0","0","0","0"
"2700","66","0","0","0","0"
"2702","66","0","0","0","0"
"2704","66","0","0","0","0"
"2706","66","0","0","0","0"
"2708","66","0","0","0","0"
"2710","66","0","0","0","0"
"2712","66","0","0","0","0"
"2714","66","0","0","0","0"
"2716","66","0","0","0","0"
"2718","66","0","0","0","0"
"2720","66","0","0","0","0"
"2722","66","0","0","0","0"
"2724","66","0","0","0","0"
"2726","66","0","0","0","0"
"2728","66","0","0","0","0"
"2730","66","0","0","0","0"
"2732","68","0","0","0","0"
"2734","68","0","0","0","0"
"2736","68","0","0","0","0"
"2738","68","0","0","0","0"
"2740","68","0","0","0","0"
"2742","68","0","0","0","0"
"2744","68","0","0","0","0"
"2746","68","0","0","0","0"
"2748","68","0","0","0","0"
"2750","68","0","0","0","0"
"2752","68","0","0","0","0"
"2754","68","0","0","0","0"
"2756","68","0","0","0","0"
"2758","68","0","0","0","0"
"2760","68","0","0","0","0"
"2762","68","0","0","0","0"
"2764","68","0","0","0","0"
"2766","68","0","0","0","0"
"2768","68","0","0","0","0"
"2770","68","0","0","0","0"
"2772","68","0","0","0","0"
"2774","68","0","0","0","0"
"2776","68","0","0","0","0"
"2778","68","0","0","0","0"
"2780","68","0","0","0","0"
"2782","68","0","0","0","0"
"2784","68","0","0","0","0"
"2786","68","0","0","0","0"
"2788","68","0","0","0","0"
"2790","68","0","0","0","0"
"2792","68","0","0","0","0"
"2794","68","0","0","0","0"
"2796","68","0","0","0","0"
"2798","68","0","0","0","0"
"2800","68","0","0","0","0"
"2802","68","0","0","0","0"
"2804","68","0","0","0","0"
"2806","68","0","0","0","0"
"2808","68","0","0","0","0"
"2810","68","0","0","0","0"
"2812","68","0","0","0","0"
"2814","68","0","0","0","0"
"2816","68","0","0","0","0"
"2818","68","0","0","0","0"
"2820","68","0","0","0","0"
"2822","68","0","0","0","0"
"2824","68","0","0","0","0"
"2826","68","0","0","0","0"
"2828","68","0","0","0","0"
"2830","68","0","0","0","0"
"2832","68","0","0","0","0"
"2834","68","0","0","0","0"
"2836","68","0","0","0","0"
"2838","68","0","0","0","0"
"2840","68","0","0","0","0"
"2842","68","0","0","0","0"
"2844","68","0","0","0","0"
"2846","68","0","0","0","0"
"2848","68","0","0","0","0"
"2850","68","0","0","0","0"
"2852","68","0","0","0","0"
"2854","68","0","0","0","0"
"2856","68","0","0","0","0"
"2858","68","0","0","0","0"
"2860","68","0","0","0","0"
"2862","68","0","0","0","0"
"2864","68","0","0","0","0"
"2866","68","0","0","0","0"
"2868","68","0","0","0","0"
"2870","68","0","0","0","0"
"2872","68","0","0","0","0"
"2874","68","0","0","0","0"
"2876","68","0","0","0","0"
"2878","68","0","0","0","0"
"2880","68","0","0","0","0"
"2882","68","0","0","0","0"
"2884","68","0","0","0","0"
"2886","68","0","0","0","0"
"2888","68","0","0","0","0"
"2890","68","0","0","0","0"
"2892","68","0","0","0","0"
"2894","68","0","0","0","0"
"2896","68","0","0","0","0"
"2898","68","0","0","0","0"
"2900","56","0","0","0","0"
"2902","56","0","0","0","0"
"2904","56","0","0","0","0"
"2906","56","0","0","0","0"
"2908","56","0","0","0","0"
"2910","56","0","0","0","0"
"2912","56","0","0","0","0"
"2914","56","0","0","0","0"
"2916","56","0","0","0","0"
"2918","56","0","0","0","0"
"2920","56","0","0","0","0"
"2922","56","0","0","0","0"
"2924","56","0","0","0","0"
"2926","56","0","0","0","0"
"2928","56","0","0","0","0"
"2930","56","0","0","0","0"
"2932","56","0","0","0","0"
"2934","56","0","0","0","0"
"2936","56","0","0","0","0"
"2938","56","0","0","0","0"
"2940","56","0","0","0","0"
"2942","56","0","0","0","0"
"2944","56","0","0","0","0"
"2946","56","0","0","0","0"
"2948","56","0","0","0","0"
"2950","56","0","0","0","0"
"2952","56","0","0","0","0"
"2954","56","0","0","0","0"
"2956","56","0","0","0","0"
"2958","56","0","0","0","0"
"2960","56","0","0","0","0"
"2962","56","0","0","0","0"
"2964","56","0","0","0","0"
"2966","56","0","0","0","0"
"2968","56","0","0","0","0"
"2970","56","0","0","0","0"
"2972","56","0","0","0","0"
"2974","56","0","0","0","0"
"2976","56","0","0","0","0"
"2978","56","0","0","0","0"
"2980","56","0","0","0","0"
"2982","56","0","0","0","0"
"2984","56","0","0","0","0"
"2986","56","0","0","0","0"
"2988","56","0","0","0","0"
"2990","56","0","0","0","0"
"2992","56","0","0","0","0"
"2994","56","0","0","0","0"
"2996","56","0","0","0","0"
"2998","56","0","0","0","0"
"3000","56","0","0","0","0"
"3002","56","0","0","0","0"
"3004","56","0","0","0","0"
"3006","56","0","0","0","0"
"3008","56","0","0","0","0"
"3010","56","0","0","0","0"
"3012","56","0","0","0","0"
"3014","56","0","0","0","0"
"3016","56","0","0","0","0"
"3018","56","0","0","0","0"
"3020","56","0","0","0","0"
"3022","56","0","0","0","0"
"3024","56","0","0","0","0"
"3026","56","0","0","0","0"
"3028","56","0","0","0","0"
"3030","56","0","0","0","0"
"3032","56","0","0","0","0"
"3034","56","0","0","0","0"
"3036","56","0","0","0","0"
"3038","56","0","0","0","0"
"3040","56","0","0","0","0"
"3042","56","0","0","0","0"
"3044","56","0","0","0","0"
"3046","56","0","0","0","0"
"3048","56","0","0","0","0"
"3050","56","0","0","0","0"
"3052","56","0","0","0","0"
"3054","56","0","0","0","0"
"3056","56","0","0","0","0"
"3058","56","0","0","0","0"
"3060","56","0","0","0","0"
"3062","56","0","0","0","0"
"3064","56","0","0","0","0"
"3066","56","0","0","0","0"
"3068","56","0","0","0","0"
"3070","56","0","0","0","0"
"3072","56","0","0","0","0"
"3074","56","0","0","0","0"
"3076","56","0","0","0","0"
"3078","56","0","0","0","0"
"3080","56","0","0","0","0"
"3082","56","0","0","0","0"
"3084","56","0","0","0","0"
"3086","56","0","0","0","0"
"3088","56","0","0","0","0"
"3090","56","0","0","0","0"
"3092","56","0","0","0","0"
"3094","56","0","0","0","0"
"3096","56","0","0","0","0"
"3098","56","0","0","0","0"
"3100","56","0","0","0","0"
"3102","56","0","0","0","0"
"3104","56","0","0","0","0"
"3106","56","0","0","0","0"
"3108","56","0","0","0","0"
"3110","56","0","0","0","0"
"3112","56","0","0","0","0"
"3114","56","0","0","0","0"
"3116","56","0","0","0","0"
"3118","56","0","0","0","0"
"3120","56","0","0","0","0"
"3122","56","0","0","0","0"
"3124","56","0","0","0","0"
"3126","56","0","0","0","0"
"3128","56","0","0","0","0"
"3130","56","0","0","0","0"
"3132","56","0","0","0","0"
"3134","56","0","0","0","0"
"3136","56","0","0","0","0"
"3138","56","0","0","0","0"
"3140","56","0","0","0","0"
"3142","56","0","0","0","0"
"3144","56","0","0","0","0"
"3146","56","0","0","0","0"
"3148","56","0","0","0","0"
"3150","56","0","0","0","0"
"3152","56","0","0","0","0"
"3154","56","0","0","0","0"
"3156","56","0","0","0","0"
"3158","56","0","0","0","0"
"3160","56","0","0","0","0"
"3162","56","0","0","0","0"
"3164","56","0","0","0","0"
"3166","56","0","0","0","0"
"3168","56","0","0","0","0"
"3170","56","0","0","0","0"
"3172","56","0","0","0","0"
"3174","56","0","0","0","0"
"3176","56","0","0","0","0"
"3178","56","0","0","0","0"
"3180","56","0","0","0","0"
"3182","56","0","0","0","0"
"3184","56","0","0","0","0"
"3186","56","0","0","0","0"
"3188","56","0","0","0","0"
"3190","56","0","0","0","0"
"3192","56","0","0","0","0"
"3194","56","0","0","0","0"
"3196","56","0","0","0","0"
"3198","56","0","0","0","0"
"3200","56","0","0","0","0"
"3202","56","0","0","0","0"
"3204","56","0","0","0","0"
"3206","56","0","0","0","0"
"3208","56","0","0","0","0"
"3210","56","0","0","0","0"
"3212","56","0","0","0","0"
"3214","56","0","0","0","0"
"3216","56","0","0","0","0"
"3218","56","0","0","0","0"
"3220","56","0","0","0","0"
"3222","56","0","0","0","0"
"3224","56","0","0","0","0"
"3226","56","0","0","0","0"
"3228","56","0","0","0","0"
"3230","56","0","0","0","0"
"3232","56","0","0","0","0"
"3234","56","0","0","0","0"
"3236","56","0","0","0","0"
"3238","56","0","0","0","0"
"3240","56","0","0","0","0"
"3242","56","0","0","0","0"
"3244","56","0","0","0","0"
"3246","56","0","0","0","0"
"3248","56","0","0","0","0"
"3250","56","0","0","0","0"
"3252","56","0","0","0","0"
"3254","56","0","0","0","0"
"3256","56","0","0","0","0"
"3258","56","0","0","0","0"
"3260","56","0","0","0","0"
"3262","56","0","0","0","0"
"3264","56","0","0","0","0"
"3266","56","0","0","0","0"
"3268","56","0","0","0","0"
"3270","56","0","0","0","0"
"3272","56","0","0","0","0"
"3274","56","0","0","0","0"
"3276","56","0","0","0","0"
"3278","56","0","0","0","0"
"3280","70","0","0","0","0"
"3282","70","0","0","0","0"
"3284","70","0","0","0","0"
"3286","70","0","0","0","0"
"3288","70","0","0","0","0"
"3290","68","0","0","0","0"
"3292","64","0","0","0","0"
"3294","62","0","0","0","0"
"3296","62","0","0","0","0"
"3298","62","0","0","0","0"
"3300","62","0","0","0","0"
"3302","62","0","0","0","0"
"3304","62","0","0","0","0"
"3306","62","0","0","0","0"
"3308","62","0","0","0","0"
"3310","62","0","0","0","0"
"3312","62","0","0","0","0"
"3314","62","0","0","0","0"
"3316","62","0","0","0","0"
"3318","62","0","0","0","0"
"3320","62","0","0","0","0"
"3322","62","0","0","0","0"
"3324","62","0","0","0","0"
"3326","62","0","0","0","0"
"3328","62","0","0","0","0"
"3330","62","0","0","0","0"
"3332","62","0","0","0","0"
"3334","62","0","0","0","0"
"3336","60","0","0","0","0"
"3338","60","0","0","0","0"
"3340","60","0","0","0","0"
"3342","60","0","0","0","0"
"3344","60","0","0","0","0"
"3346","60","0","0","0","0"
"3348","60","0","0","0","0"
"3350","74","0","0","0","0"
"3352","74","0","0","0","0"
"3354","74","0","0","0","0"
"3356","74","0","0","0","0"
"3358","74","0","0","0","0"
"3360","74","0","0","0","0"
"3362","72","0","0","0","0"
"3364","72","0","0","0","0"
"3366","72","0","0","0","0"
"3368","72","0","0","0","0"
"3370","74","0","0","0","0"
"3372","82","0","0","0","0"
"3374","82","0","0","0","0"
"3376","82","0","0","0","0"
"3378","82","0","0","0","0"
"3380","82","0","0","0","0"
"3382","82","0","0","0","0"
"3384","82","0","0","0","0"
"3386","82","0","0","0","0"
"3388","82","0","0","0","0"
"3390","82","0","0","0","0"
"3392","82","0","0","0","0"
"3394","82","0","0","0","0"
"3396","82","0","0","0","0"
"3398","82","0","0","0","0"
"3400","80","0","0","0","0"
"3402","80","0","0","0","0"
"3404","80","0","0","0","0"
"3406","80","0","0","0","0"
"3408","80","0","0","0","0"
"3410","80","0","0","0","0"
"3412","80","0","0","0","0"
"3414","80","0","0","0","0"
"3416","80","0","0","0","0"
"3418","80","0","0","0","0"
"3420","80","0","0","0","0"
"3422","80","0","0","0","0"
"3424","80","0","0","0","0"
"3426","80","0","0","0","0"
"3428","82","0","0","0","0"
"3430","82","0","0","0","0"
"3432","82","0","0","0","0"
"3434","82","0","0","0","0"
"3436","82","0","0","0","0"
"3438","82","0","0","0","0"
"3440","82","0","0","0","0"
"3442","82","0","0","0","0"
"3444","82","0","0","0","0"
"3446","82","0","0","0","0"
"3448","82","0","0","0","0"
"3450","84","0","0","0","0"
"3452","84","0","0","0","0"
"3454","84","0","0","0","0"
"3456","84","0","0","0","0"
"3458","84","0","0","0","0"
"3460","84","0","0","0","0"
"3462","84","0","0","0","0"
"3464","84","0","0","0","0"
"3466","84","0","0","0","0"
"3468","84","0","0","0","0"
"3470","84","0","0","0","0"
"3472","84","0","0","0","0"
"3474","84","0","0","0","0"
"3476","84","0","0","0","0"
"3478","84","0","0","0","0"
"3480","84","0","0","0","0"
"3482","84","0","0","0","0"
"3484","84","0","0","0","0"
"3486","84","0","0","0","0"
"3488","84","0","0","0","0"
"3490","84","0","0","0","0"
"3492","84","0","0","0","0"
"3494","84","0","0","0","0"
"3496","84","0","0","0","0"
"3498","84","0","0","0","0"
"3500","70","0","0","0","0"
"3502","70","0","0","0","0"
"3504","70","0","0","0","0"
"3506","70","0","0","0","0"
"3508","70","0","0","0","0"
"3510","70","0","0","0","0"
"3512","70","0","0","0","0"
"3514","70","0","0","0","0"
"3516","70","0","0","0","0"
"3518","70","0","0","0","0"
"3520","70","0","0","0","0"
"3522","70","0","0","0","0"
"3524","70","0","0","0","0"
"3526","70","0","0","0","0"
"3528","70","0","0","0","0"
"3530","70","0","0","0","0"
"3532","70","0","0","0","0"
"3534","70","0","0","0","0"
"3536","70","0","0","0","0"
"3538","70","0","0","0","0"
"3540","70","0","0","0","0"
"3542","70","0","0","0","0"
"3544","70","0","0","0","0"
"3546","70","0","0","0","0"
"3548","70","0","0","0","0"
"3550","70","0","0","0","0"
"3552","70","0","0","0","0"
"3554","70","0","0","0","0"
"3556","70","0","0","0","0"
"3558","70","0","0","0","0"
"3560","70","0","0","0","0"
"3562","70","0","0","0","0"
"3564","70","0","0","0","0"
"3566","70","0","0","0","0"
"3568","70","0","0","0","0"
"3570","70","0","0","0","0"
"3572","70","0","0","0","0"
"3574","70","0","0","0","0"
"3576","70","0","0","0","0"
"3578","70","0","0","0","0"
"3580","70","0","0","0","0"
"3582","70","0","0","0","0"
"3584","70","0","0","0","0"
"3586","76","0","0","0","0"
"3588","76","0","0","0","0"
"3590","76","0","0","0","0"
"3592","76","0","0","0","0"
"3594","76","0","0","0","0"
"3596","76","0","0","0","0"
"3598","76","0","0","0","0"
"3600","76","0","0","0","0"
"3602","76","0","0","0","0"
"3604","76","0","0","0","0"
"3606","76","0","0","0","0"
"3608","76","0","0","0","0"
"3610","76","0","0","0","0"
"3612","76","0","0","0","0"
"3614","76","0","0","0","0"
"3616","76","0","0","0","0"
"3618","76","0","0","0","0"
"3620","76","0","0","0","0"
"3622","76","0","0","0","0"
"3624","76","0","0","0","0"
"3626","76","0","0","0","0"
"3628","76","0","0","0","0"
"3630","76","0","0","0","0"
"3632","76","0","0","0","0"
"3634","76","0","0","0","0"
"3636","76","0","0","0","0"
"3638","76","0","0","0","0"
"3640","76","0","0","0","0"
"3642","76","0","0","0","0"
"3644","76","0","0","0","0"
"3646","76","0","0","0","0"
"3648","76","0","0","0","0"
"3650","76","0","0","0","0"
"3652","76","0","0","0","0"
"3654","76","0","0","0","0"
"3656","76","0","0","0","0"
"3658","76","0","0","0","0"
"3660","76","0","0","0","0"
"3662","76","0","0","0","0"
"3664","76","0","0","0","0"
"3666","76","0","0","0","0"
"3668","76","0","0","0","0"
"3670","76","0","0","0","0"
"3672","76","0","0","0","0"
"3674","76","0","0","0","0"
"3676","76","0","0","0","0"
"3678","76","0","0","0","0"
"3680","76","0","0","0","0"
"3682","76","0","0","0","0"
"3684","76","0","0","0","0"
"3686","76","0","0","0","0"
"3688","82","0","0","0","0"
"3690","82","0","0","0","0"
"3692","82","0","0","0","0"
"3694","82","0","0","0","0"
"3696","82","0","0","0","0"
"3698","82","0","0","0","0"
"3700","82","0","0","0","0"
"3702","82","0","0","0","0"
"3704","82","0","0","0","0"
"3706","82","0","0","0","0"
"3708","82","0","0","0","0"
"3710","82","0","0","0","0"
"3712","82","0","0","0","0"
"3714","82","0","0","0","0"
"3716","82","0","0","0","0"
"3718","82","0","0","0","0"
"3720","82","0","0","0","0"
"3722","82","0","0","0","0"
"3724","82","0","0","0","0"
"3726","82","0","0","0","0"
"3728","82","0","0","0","0"
"3730","84","0","0","0","0"
"3732","84","0","0","0","0"
"3734","84","0","0","0","0"
"3736","84","0","0","0","0"
"3738","84","0","0","0","0"
"3740","84","0","0","0","0"
"3742","84","0","0","0","0"
"3744","84","0","0","0","0"
"3746","84","0","0","0","0"
"3748","84","0","0","0","0"
"3750","84","0","0","0","0"
"3752","84","0","0","0","0"
"3754","84","0","0","0","0"
"3756","84","0","0","0","0"
"3758","84","0","0","0","0"
"3760","84","0","0","0","0"
"3762","84","0","0","0","0"
"3764","84","0","0","0","0"
"3766","84","0","0","0","0"
"3768","84","0","0","0","0"
"3770","84","0","0","0","0"
"3772","84","0","0","0","0"
"3774","84","0","0","0","0"
"3776","84","0","0","0","0"
"3778","84","0","0","0","0"
"3780","84","0","0","0","0"
"3782","84","0","0","0","0"
"3784","84","0","0","0","0"
"3786","84","0","0","0","0"
"3788","84","0","0","0","0"
"3790","84","0","0","0","0"
"3792","84","0","0","0","0"
"3794","84","0","0","0","0"
"3796","84","0","0","0","0"
"3798","84","0","0","0","0"
"3800","84","0","0","0","0"
"3802","84","0","0","0","0"
"3804","84","0","0","0","0"
"3806","84","0","0","0","0"
"3808","84","0","0","0","0"
"3810","84","0","0","0","0"
"3812","84","0","0","0","0"
"3814","84","0","0","0","0"
"3816","84","0","0","0","0"
"3818","84","0","0","0","0"
"3820","84","0","0","0","0"
"3822","84","0","0","0","0"
"3824","84","0","0","0","0"
"3826","84","0","0","0","0"
"3828","62","0","0","0","0"
"3830","60","0","0","0","0"
"3832","60","0","0","0","0"
